mean_x,mean_y,mean_z,std_x,std_y,std_z,num_peaks,dominant_frequency
0.6,0.7000000000000001,0.8,0.33166247903554,0.33166247903554,0.33166247903554,0,0.9090909090909091
